<?xml version="1.0" encoding="UTF-8"?>

<?xml-model href="Untitled2.rnc" type="application/relax-ng-compact-syntax"?>
<!-- fk: Used <xml> as a container since I coulnd't think of anything clever -->
<xml>

<!-- fk: Took some time to actually understand how relaxng works and made some visable improvements from my last attempt -->

    <title>Letters from <person name="Oscar_Wilde">Oscar Wilde</person> to <person name="Alfred_Douglas">Lord 
        Alfred Douglas</person></title>

<letter>Letter 1
    
    <!-- Frame as in a frame of the situation -->
    <frame>The following letter was introduced in <person name="Oscar_Wilde">Wilde's</person> libel trial by 
        <person name="Edward_Clark">sir Edward Clark</person>, <person name="Oscar_Wilde">Wilde's</person> 
        attorney. Although the letter lends support to the defense case, 
        <person name="Edward_Clark">Clark</person> chose to introduce the letter to prevent the defense from 
        introducing the letter in a more dramatic fashion during its case.</frame>

    <timestamp date="January_1893" place="Babbacombe_Cliff">January 1893, Babbacombe Cliff</timestamp>
    
<greeting>My Own Boy,</greeting>
    <body>Your sonnet is quite lovely, and it is a marvel that those red-roseleaf lips of yours should be made 
        no less for the madness of music and song than for the madness of kissing. Your slim gilt soul walks 
        between passion and poetry. I know Hyacinthus, whom Apollo loved so madly, was you in Greek days. Why 
        are you alone in <location place="London">London</location>, and when do you go to 
        <location place="Salisbury">Salisbury</location>? Do go there to cool your hands in the grey twilight 
        of Gothic things, and come here whenever you like. It is a lovely place and lacks only you; but go to 
        <location place="Salisbury">Salisbury</location> first.</body>
    
<closing>Always, with undying love,
    Yours,</closing> <signature><person name="Oscar_Wilde">Oscar</person></signature>

</letter>

</xml>